name,Wilayah Jakarta
Agora Mall,Jakarta Pusat
Citra Xperience Kemayoran,Jakarta Pusat
Citywalk Sudirman,Jakarta Pusat
FX Sudirman,Jakarta Pusat
Gajah Mada Plaza,Jakarta Pusat
Grand Indonesia,Jakarta Pusat
Green Pramuka Square,Jakarta Pusat
ITC Cempaka Mas,Jakarta Pusat
ITC Roxy Mas,Jakarta Pusat
Mal Atrium Senen,Jakarta Pusat
Mal Mangga Dua,Jakarta Pusat
Menteng Central,Jakarta Pusat
MGK Kemayoran,Jakarta Pusat
Plaza Indonesia,Jakarta Pusat
Plaza Senayan,Jakarta Pusat
Ratu Plaza,Jakarta Pusat
Sarinah,Jakarta Pusat
Senayan City,Jakarta Pusat
Senayan Park,Jakarta Pusat
Senayan Trade Center,Jakarta Pusat
Thamrin City,Jakarta Pusat
Baywalk Mall,Jakarta Utara
Bella Terra Lifestyle Center,Jakarta Utara
By The Sea Shopping District at Golf Island PIK,Jakarta Utara
Emporium Pluit Mall,Jakarta Utara
Food Centrum,Jakarta Utara
ITC Mangga Dua,Jakarta Utara
K Mall at Menara Jakarta,Jakarta Utara
Koja Trade Mall,Jakarta Utara
La Piazza,Jakarta Utara
Mahaka Square,Jakarta Utara
Mal Artha Gading,Jakarta Utara
Mall of Indonesia,Jakarta Utara
Mangga Dua Square,Jakarta Utara
Metro Sunter Plaza,Jakarta Utara
PIK Avenue,Jakarta Utara
Pluit Village,Jakarta Utara
Summarecon Mall Kelapa Gading,Jakarta Utara
Sunter Mall,Jakarta Utara
WTC Mangga Dua,Jakarta Utara
Central Park Mall,Jakarta Barat
Ciplaz Cengkareng,Jakarta Barat
CityWalk Gajah Mada,Jakarta Barat
Glodok Plaza,Jakarta Barat
Grand Paragon Mall,Jakarta Barat
Green Sedayu Mall,Jakarta Barat
Lindeteves Trade Centre,Jakarta Barat
Lokasari Square,Jakarta Barat
Lippo Mall Puri,Jakarta Barat
Mal Ciputra Jakarta,Jakarta Barat
Mal Matahari Daan Mogot,Jakarta Barat
Mal Taman Anggrek,Jakarta Barat
Mal Taman Palem,Jakarta Barat
Puri Indah Mall,Jakarta Barat
Slipi Jaya Plaza,Jakarta Barat
Srengseng Junction,Jakarta Barat
Roxy Square,Jakarta Barat
TM Seasons City,Jakarta Barat
Wang Plaza,Jakarta Barat
╞ON Mall Tanjung Barat,Jakarta Selatan
Ashta District 8,Jakarta Selatan
Bellagio Boutique Mall,Jakarta Selatan
Blok M Plaza,Jakarta Selatan
Blok M Square,Jakarta Selatan
Cilandak Town Square,Jakarta Selatan
Lotte Mall Jakarta,Jakarta Selatan
Epiwalk,Jakarta Selatan
Gandaria City,Jakarta Selatan
Grand ITC Permata Hijau,Jakarta Selatan
ITC Cipulir,Jakarta Selatan
ITC Fatmawati,Jakarta Selatan
ITC Kuningan,Jakarta Selatan
Kalibata City Square,Jakarta Selatan
Kemang Square,Jakarta Selatan
Kota Kasablanka,Jakarta Selatan
Kuningan City,Jakarta Selatan
Lippo Mall Kemang,Jakarta Selatan
Lippo Mall Nusantara,Jakarta Selatan
Mal Ambasador,Jakarta Selatan
Blok M Hub (dulu Mal Blok M),Jakarta Selatan
Melawai Plaza,Jakarta Selatan
One Belpark Mall,Jakarta Selatan
Pacific Place,Jakarta Selatan
Pasaraya Grande,Jakarta Selatan
Plaza Festival,Jakarta Selatan
Plaza Kalibata,Jakarta Selatan
Poins Square,Jakarta Selatan
Pondok Indah Mall,Jakarta Selatan
Setiabudi One,Jakarta Selatan
The Darmawangsa Square,Jakarta Selatan
The Park Pejaten,Jakarta Selatan
╞ON Mall Jakarta Garden City,Jakarta Timur
Arion Mall,Jakarta Timur
Buaran Plaza,Jakarta Timur
Cibubur Junction,Jakarta Timur
Ciplaz Klender,Jakarta Timur
Cityplaza Jatinegara,Jakarta Timur
Green Terrace TMII,Jakarta Timur
Lippo Plaza Kramat Jati,Jakarta Timur
Mall Grand Cakung,Jakarta Timur
Mal Cijantung,Jakarta Timur
Mall@Bassura,Jakarta Timur
Mall Cipinang Indah,Jakarta Timur
Pondok Kelapa Town Square,Jakarta Timur
PGC Cililitan,Jakarta Timur
Tamini Square,Jakarta Timur
The Amboja,Jakarta Timur