Nama Apartemen,Wilayah Jakarta
Green Pramuka City,Jakarta Pusat
Sudirman Park,Jakarta Pusat
Semanggi,Jakarta Selatan
Batavia,Jakarta Pusat
Menteng Park,Jakarta Pusat
Elpis Residence,Jakarta Pusat
1 @ Cik Ditiro,Jakarta Pusat
Kusuma Atmadja Residence,Jakarta Pusat
Kimara Residence,Jakarta Pusat
The Boulevard,Jakarta Pusat
The Royale Springhill Residences,Jakarta Pusat
Cik Ditiro Residence,Jakarta Pusat
Bandar Kemayoran,Jakarta Pusat
Pasar Baru Mansion,Jakarta Pusat
Istana Sahid,Jakarta Pusat
Mitra Oasis,Jakarta Pusat
Executive Menteng,Jakarta Pusat
Mediterania Lagoon Residences,Jakarta Pusat
Springhill Terrace,Jakarta Pusat
Cityloft,Jakarta Selatan
Cempaka Mas,Jakarta Pusat
Taman Kemayoran Condominium,Jakarta Pusat
Mediterania Palace Kemayoran,Jakarta Pusat
The Boutique,Jakarta Pusat
Cosmo Terrace,Jakarta Pusat
Thamrin Nine,Jakarta Pusat
Jakarta Residence,Jakarta Pusat
Menara Jakarta,Jakarta Pusat
Sudirman Tower Condo,Jakarta Selatan
Thamrin Residence,Jakarta Pusat
Best Western Mangga Dua,Jakarta Pusat
Cosmo Park,Jakarta Pusat
Sahid Sudirman,Jakarta Selatan
Keraton At The Plaza,Jakarta Pusat
Salemba Residence,Jakarta Pusat
Puri Kemayoran,Jakarta Pusat
The Mansion at Dukuh Golf Kemayoran,Jakarta Pusat
Mangga Dua Court,Jakarta Pusat
Capitol Suites,Jakarta Pusat
Grand Kartini,Jakarta Pusat
Da Vinci Penthouse,Jakarta Pusat
Holland Village,Jakarta Pusat
Capitol Park,Jakarta Pusat
57 Promenade,Jakarta Pusat
Kempinski Grand Indonesia,Jakarta Pusat
Menteng Square,Jakarta Pusat
Pavilion,Jakarta Pusat
T Residence,Jakarta Pusat
Le Parc,Jakarta Selatan
Amethyst Tower Kemayoran,Jakarta Pusat
Senayan City Residence,Jakarta Pusat
Thamrin Executive Residence,Jakarta Pusat
Casa Domaine,Jakarta Pusat
Arandra Residence,Jakarta Pusat
Rajawali Condominium,Jakarta Pusat
Grand Palace Kemayoran,Jakarta Pusat
Sudirman Hill,Jakarta Selatan
Springhill Royale Suites,Jakarta Pusat
H Residence Kemayoran,Jakarta Pusat
Istana Harmoni,Jakarta Pusat
Plaza Residence Intercontinental,Jakarta Pusat
Sudirman Residences,Jakarta Selatan
Sentosa Residences,Jakarta Pusat
Sudirman Suites,Jakarta Pusat
Ascott Jakarta,Jakarta Pusat
Shangri-La Residence,Jakarta Pusat
Park Royale,Jakarta Selatan
Mediterania Boulevard Kemayoran,Jakarta Pusat
Palazzo,Jakarta Pusat
1Park Avenue,Jakarta Selatan
Casablanca Mansion,Jakarta Selatan
Ambassade Residences,Jakarta Selatan
Permata Hijau Suites,Jakarta Selatan
Pakubuwono Town House,Jakarta Selatan
The Foresque Apartment,Jakarta Selatan
Pakubuwono Signature,Jakarta Selatan
Abode,Jakarta Selatan
Cilandak 88 Condominium,Jakarta Selatan
The Wave,Jakarta Selatan
Sudirman Mansion,Jakarta Selatan
Bellagio,Jakarta Selatan
Four Winds of Senayan,Jakarta Selatan
Kusuma Chandra,Jakarta Selatan
Grand Dhika Mansion,Jakarta Selatan
Bellagio Mansion,Jakarta Selatan
Kalibata City,Jakarta Selatan
Anandamaya Residences,Jakarta Selatan
The Grove Suites,Jakarta Selatan
45 Antasari,Jakarta Selatan
Botanica Apartment,Jakarta Selatan
Kemang Mansion,Jakarta Selatan
The Elements,Jakarta Selatan
Antasari Heights,Jakarta Selatan
The H Tower,Jakarta Selatan
Casablanca,Jakarta Selatan
Taman Rasuna,Jakarta Selatan
Taman Sari Sudirman,Jakarta Selatan
The Empyreal & The Masterpiece,Jakarta Selatan
Setiabudi Residences,Jakarta Selatan
Taman Sari Semanggi,Jakarta Selatan
Mahata Tanjung Barat,Jakarta Selatan
Kemang Jaya,Jakarta Selatan
Griya Pancoran,Jakarta Selatan
Pancoran Riverside,Jakarta Selatan
Beverly Tower,Jakarta Selatan
Pejaten Park Residence,Jakarta Selatan
Kebagusan City,Jakarta Selatan
Casa Grande,Jakarta Selatan
Permata Hijau Residences,Jakarta Selatan
Pearl Garden,Jakarta Selatan
Linea Haus,Jakarta Selatan
Kintamani,Jakarta Selatan
Puri Casablanca,Jakarta Selatan
Grand Permata,Jakarta Selatan
The Mayflower,Jakarta Selatan
Senopati Suites 2,Jakarta Selatan
Senopati Suites 3,Jakarta Selatan
Lavande,Jakarta Selatan
Senopati Penthouse,Jakarta Selatan
Eminence Darmawangsa,Jakarta Selatan
The Batik @ Pejaten,Jakarta Selatan
Denpasar Residence,Jakarta Selatan
Bumimas,Jakarta Selatan
South Hills,Jakarta Selatan
AVANIA,Jakarta Selatan
Cervino Village,Jakarta Selatan
BonaVista,Jakarta Selatan
La Vie All Suites,Jakarta Selatan
Kuningan Place,Jakarta Selatan
Cilandak Residence,Jakarta Selatan
The Bellevue Suites,Jakarta Selatan
One Casablanca,Jakarta Selatan
Gardenia Boulevard,Jakarta Selatan
Rusun Benhil,Jakarta Pusat
Permata Hijau,Jakarta Selatan
Pondok Klub Villa,Jakarta Selatan
Kebayoran Icon,Jakarta Selatan
Nifarro Park,Jakarta Selatan
Sinabung Executive,Jakarta Selatan
Woodland Park Residence,Jakarta Selatan
Mangkuluhur City,Jakarta Selatan
The Alana Pejaten,Jakarta Selatan
Lebak Lestari Garden,Jakarta Selatan
Daksa Residence,Jakarta Selatan
Peruri 88,Jakarta Selatan
LA City,Jakarta Selatan
Synthesis Residence Kemang,Jakarta Selatan
Marbella Kemang,Jakarta Selatan
Vasaka Solterra,Jakarta Selatan
Lexington Residence,Jakarta Selatan
The Royal Olive Residence,Jakarta Selatan
Poins Square,Jakarta Selatan
The 18th Residence Rasuna,Jakarta Selatan
The Residence @ Synthesis Square,Jakarta Selatan
Gandaria Heights,Jakarta Selatan
Kemang Village,Jakarta Selatan
Providence Park,Jakarta Selatan
Gayanti City,Jakarta Selatan
Pakubuwono Terrace,Jakarta Selatan
Grand Pancoran,Jakarta Selatan
Hamptons Park,Jakarta Selatan
The Hundred,Jakarta Selatan
Apartemen Senopati,Jakarta Selatan
Langham Residence,Jakarta Selatan
Raffles Residence,Jakarta Selatan
Nirvana Residence Kemang,Jakarta Selatan
Sahid Metropolitan,Jakarta Selatan
SCBD Suites,Jakarta Selatan
Branz Simatupang,Jakarta Selatan
The Peak,Jakarta Selatan
Pakubuwono View,Jakarta Selatan
Simprug Indah,Jakarta Selatan
Simprug Terrace,Jakarta Selatan
Airlangga Ritz Carlton,Jakarta Selatan
Senayan Residence,Jakarta Selatan
Pakubuwono Spring,Jakarta Selatan
Plaza Senayan,Jakarta Pusat
Somerset Berlian,Jakarta Selatan
Pondok Indah Residences,Jakarta Selatan
1Park Residences,Jakarta Selatan
Capital Residence,Jakarta Selatan
Gateway Pesanggrahan,Jakarta Selatan
Oakwood,Jakarta Selatan
Pondok Indah Golf Apartment,Jakarta Selatan
Setiabudi Sky Garden,Jakarta Selatan
Verde,Jakarta Selatan
Verde 2,Jakarta Selatan
Golfhill Terraces,Jakarta Selatan
Senopati Suites,Jakarta Selatan
Apple Residence,Jakarta Selatan
Residence 8 Senopati,Jakarta Selatan
Essence on Darmawangsa,Jakarta Selatan
L'Avenue,Jakarta Selatan
SOHO Pancoran,Jakarta Selatan
Arzuria,Jakarta Selatan
fX Residence,Jakarta Pusat
Fatmawati City Center,Jakarta Selatan
Apartemen Ambassador,Jakarta Selatan
Signature Park Apartment,Jakarta Selatan
Somerset Grand Citra Kuningan,Jakarta Selatan
Somerset Kencana,Jakarta Selatan
Puri Imperium,Jakarta Selatan
The Kencana Residence,Jakarta Selatan
Bellezza,Jakarta Selatan
Pakubuwono Residence,Jakarta Selatan
Permata Gandaria,Jakarta Selatan
Sailendra,Jakarta Selatan
Izzara,Jakarta Selatan
Selatan 8,Jakarta Selatan
Southgate Residence,Jakarta Selatan
Dharmawangsa Residence,Jakarta Selatan
District 8,Jakarta Selatan
Pacific Place,Jakarta Selatan
South Quarter,Jakarta Selatan
The Stay Antasari 27,Jakarta Selatan
Brawijaya,Jakarta Selatan
The Aspen Residence,Jakarta Selatan
Newton Ciputra World,Jakarta Selatan
La Maison,Jakarta Selatan
Nine Residence,Jakarta Selatan
Havenwood Residence,Jakarta Selatan
Lavish Kemang Residence,Jakarta Selatan
Ciputra World,Jakarta Selatan
Purnawarman Executive Mansion,Jakarta Selatan
Regent Residences,Jakarta Selatan
The St. Regis Residences,Jakarta Selatan
Permata Senayan,Jakarta Selatan
Galleria Court Condominium,Jakarta Selatan
Bellevue Place,Jakarta Selatan
Aston Rasuna,Jakarta Selatan
Podomoro Park,Jakarta Timur
Urban Signature,Jakarta Timur
Menara Cawang,Jakarta Timur
Casablanca East Residence,Jakarta Timur
Bassura City,Jakarta Timur
TheHive Taman Sari,Jakarta Timur
Pondok Kelapa Village,Jakarta Timur
Tamansari Skyhive Apartment,Jakarta Timur
MT Haryono Square,Jakarta Timur
Citralandmark,Jakarta Timur
Taman Pasadenia,Jakarta Timur
East Park,Jakarta Timur
Titanium Square,Jakarta Timur
The Sahid Asena,Jakarta Timur
Cibubur Comfort,Jakarta Timur
Patria Park,Jakarta Timur
Signature Park Grande,Jakarta Timur
MT Haryono Residence,Jakarta Timur
Delta Cakung,Jakarta Timur
The Hive Cawang,Jakarta Timur
Core Sky Residence,Jakarta Timur
Callia,Jakarta Timur
Prajawangsa City,Jakarta Timur
Sentra Timur Residence,Jakarta Timur
Cibubur Village,Jakarta Timur
Oak Tower,Jakarta Timur
The H Residence,Jakarta Timur
Bintara Residence,Jakarta Timur
East 8,Jakarta Timur
Jakarta Living Star,Jakarta Timur
Tifolia,Jakarta Utara
Citra Living,Jakarta Barat
Puri Orchard,Jakarta Barat
Aerium Residence,Jakarta Barat
Wang Residence,Jakarta Barat
Wesling Kedoya,Jakarta Barat
Vittoria Residence,Jakarta Barat
Rusun Tanah Abang,Jakarta Pusat
Paradise Mansion,Jakarta Barat
Gianetti,Jakarta Barat
Veranda Residence @Puri,Jakarta Barat
Metro Park Residence,Jakarta Barat
Grand Tropic,Jakarta Barat
Kedoya Elok,Jakarta Barat
Centro City Residence,Jakarta Barat
19 Avenue,Jakarta Barat
Ciputra International Puri,Jakarta Barat
Maqna Residence,Jakarta Barat
Mediterania Gajah Mada,Jakarta Barat
Green Parkview,Jakarta Barat
Grand Palm Residence,Jakarta Barat
City Park,Jakarta Barat
Stars Residence,Jakarta Barat
Gallery West Residence,Jakarta Barat
Permata Eksekutif,Jakarta Barat
Puri Mansion,Jakarta Barat
D'Lofts,Jakarta Barat
Mediterania Tanjung Duren,Jakarta Barat
Taman Anggrek,Jakarta Barat
St Moritz,Jakarta Barat
Menara Latumenten,Jakarta Barat
Central Park,Jakarta Barat
Royal Mediterania Garden,Jakarta Barat
GP Plaza,Jakarta Barat
Slipi,Jakarta Barat
Taman Anggrek Residences,Jakarta Barat
Grand Madison,Jakarta Barat
Satu8 Residence,Jakarta Barat
Citra Garden City,Jakarta Barat
Seasons City,Jakarta Barat
Green Sedayu,Jakarta Barat
Belmont Residence,Jakarta Barat
Metro Park Residences,Jakarta Barat
Madison Park,Jakarta Barat
Puri Park Residence,Jakarta Barat
Puri Garden,Jakarta Barat
Daan Mogot City,Jakarta Barat
Puri Park View,Jakarta Barat
City Resort,Jakarta Barat
Sky Terrace Lagoon Condominium,Jakarta Barat
Point 8 Terrace Mansion,Jakarta Barat
Green Central City,Jakarta Pusat
Westmark Apartment,Jakarta Barat
City Garden,Jakarta Barat
Windsor,Jakarta Barat
Menara Kebon Jeruk,Jakarta Barat
Tomang Park,Jakarta Barat
West Vista,Jakarta Barat
SOHO @ Podomoro City,Jakarta Barat
Gading Nias,Jakarta Utara
Oceana Residence,Jakarta Utara
Summerville,Jakarta Utara
Menara Marina Condominium,Jakarta Utara
Metro Sunter,Jakarta Utara
Summit,Jakarta Utara
The LINQ Kemayoran,Jakarta Pusat
Aston Pluit,Jakarta Utara
Aston Marina Residence,Jakarta Utara
Marina Mediterania Ancol,Jakarta Utara
Kelapa Gading Square,Jakarta Utara
Sedayu City,Jakarta Utara
Green Bay Pluit,Jakarta Utara
Green Lake Sunter,Jakarta Utara
De Ploeit Centrale,Jakarta Utara
Sunter Park View,Jakarta Utara
Sunter Icon,Jakarta Utara
Royal Tower Riverside,Jakarta Utara
Oyama Plaza,Jakarta Utara
Regatta,Jakarta Utara
Gold Coast,Jakarta Utara
Pluit Sea View,Jakarta Utara
Tokyo Riverside Apartment,Jakarta Utara
The Park Residence,Jakarta Utara
Maple Park,Jakarta Utara
City Home Apartment,Jakarta Utara
Gading Mediterania Residence,Jakarta Utara
Ancol Mansion,Jakarta Utara
Northland Ancol Residence,Jakarta Utara
Wisma Gading Permai,Jakarta Utara
French Walk,Jakarta Utara
Gading Green Hill,Jakarta Utara
Gading Resort Residences,Jakarta Utara
Gading Icon,Jakarta Utara
Sherwood Residence,Jakarta Utara
The Kensington Royal Suites,Jakarta Utara
Robinson,Jakarta Utara
Apartemen Pantai Mutiara,Jakarta Utara
Laguna Pluit,Jakarta Utara
Aston Marina,Jakarta Utara
Paladian Park,Jakarta Utara
Teluk Intan,Jakarta Utara
CBD Pluit,Jakarta Utara
Osaka Riverview,Jakarta Utara