Nama Komplek,Wilayah Jakarta
Alam Lestari,Jakarta Pusat
Asrama Brimob Jatinegara Kaum,Jakarta Timur
Asrama Polisi Pesing,Jakarta Barat
Asrama Zeni TNI AD Lubang Buaya,Jakarta Timur
B21 Jl. Vila,Jakarta Selatan
Bali Village,Jakarta Selatan
Billy & Moon,Jakarta Timur
Buaran Regency,Jakarta Timur
Buaran Regensi,Jakarta Timur
Bukit Duri Permai,Jakarta Timur
Bukit Gading Mediterania,Jakarta Utara
Bukit Gading Villa,Jakarta Utara
Bukit Golf,Jakarta Utara
Bukit Golf Mediterania PIK,Jakarta Utara
Bukit Golf Pondok Indah,Jakarta Selatan
Bukit Inkai,Jakarta Selatan
Bukit Pratama,Jakarta Selatan
Bumi Cengkareng Permai,Jakarta Barat
Bumi Harapan Permai,Jakarta Timur
Bumi Harum Manis,Jakarta Selatan
Bumi Kemanggisan Indah,Jakarta Barat
Bumi Malaka Asri,Jakarta Timur
Bumi Pesanggrahan Mas,Jakarta Selatan
Buncit Town House,Jakarta Selatan
Casamora,Jakarta Selatan
Cengkareng Residence,Jakarta Barat
Cilandak Permai,Jakarta Selatan
Cilandak Town House,Jakarta Selatan
Cipinang Indah,Jakarta Timur
Cipinang Indah 2,Jakarta Timur
Citra Garden 1,Jakarta Barat
Citra Garden 2,Jakarta Barat
Citra Garden 3,Jakarta Barat
Citra Garden 5,Jakarta Barat
Daan Mogot Estate,Jakarta Barat
Damai Town House,Jakarta Timur
De Oaze Tomang Residence,Jakarta Barat
Duri Besar,Jakarta Barat
Duta Harapan Indah,Jakarta Utara
Flat Rumah Dinas Bank Indonesia,Jakarta Selatan
Gading Eight Residence,Jakarta Utara
Gading Grande Residences,Jakarta Utara
Gading Griya Lestari,Jakarta Utara
Gading Kusuma,Jakarta Utara
Gading Nirwana,Jakarta Utara
Gading Park View,Jakarta Utara
Gading Riviera,Jakarta Utara
Gedong Asri,Jakarta Timur
Grand Matoa,Jakarta Selatan
Green Garden,Jakarta Barat
Green Garden Rorotan,Jakarta Utara
Green Garden Town House,Jakarta Barat
Green Park,Jakarta Timur
Griya Aquila,Jakarta Selatan
Griya Sunter Pratama,Jakarta Utara
Griya Sutra Jatipadang,Jakarta Selatan
Harris Residence,Jakarta Timur
IKIP Komplek Duren Sawit,Jakarta Timur
Intan Town House,Jakarta Selatan
Jamrud Town House,Jakarta Timur
Janur Elok (Kelapa Gading Permai),Jakarta Utara
Jati Indah Resort,Jakarta Selatan
Jati Padang Residence,Jakarta Selatan
Jatinegara Baru,Jakarta Timur
Jatipadang Estate,Jakarta Selatan
Kalideres Permai,Jakarta Barat
Karang Indah,Jakarta Utara
Karang Molek,Jakarta Utara
Kavling DPRD,Jakarta Selatan
Kavling Jatipadang,Jakarta Selatan
Kavling Semper,Jakarta Utara
Kawasan Departemen Kesehatan,Jakarta Pusat
Kebon Jeruk Baru,Jakarta Barat
Kebon Jeruk Indah,Jakarta Barat
Kebon Jeruk Permai,Jakarta Barat
Kedoya Garden,Jakarta Barat
Kedoya Permai,Jakarta Barat
Kelapa Gading Griya,Jakarta Utara
Kelapa Gading Pratama,Jakarta Utara
Kemang Indah,Jakarta Selatan
Kemang Village,Jakarta Selatan
Kemanggisan Indah,Jakarta Barat
Kemayoran Villa,Jakarta Pusat
Kesatrian Marinir Cilandak,Jakarta Selatan
Klingkit Permai,Jakarta Barat
Komplek Depkeu,Jakarta Timur
Komplek Rindam Jaya,Jakarta Timur
Komplek Perwira Mabad,Jakarta Barat
Komplek Agraria,Jakarta Selatan
Komplek Airud,Jakarta Utara
Komplek Akabri,Jakarta Selatan
Komplek Alamanda,Jakarta Selatan
Komplek Ambon,Jakarta Barat
Komplek Anggaran,Jakarta Selatan
Komplek Anggota PWI,Jakarta Timur
Komplek Angkasa Pura,Jakarta Pusat
KOMPLEK ANGKATAN LAUT,Jakarta Pusat
KOMPLEK BABEK TNI AD,Jakarta Utara
KOMPLEK BAKN,Jakarta Pusat
KOMPLEK BANGUN CIPTASARANA,Jakarta Timur
KOMPLEK BANK INDONESIA (JATIPADANG),Jakarta Selatan
KOMPLEK BANK INDONESIA (KEMANGGISAN),Jakarta Barat
KOMPLEK BANK INDONESIA (MENTENG ATAS),Jakarta Selatan
KOMPLEK BANK INDONESIA (MENTENG DALAM),Jakarta Selatan
KOMPLEK BANK INDONESIA (PASAR MINGGU),Jakarta Selatan
KOMPLEK BANK MANDIRI,Jakarta Selatan
KOMPLEK BAPPENAS,Jakarta Selatan
KOMPLEK BAPPENAS 1,Jakarta Selatan
KOMPLEK BATAN,Jakarta Selatan
KOMPLEK BATU KRAMAT,Jakarta Timur
KOMPLEK BATU SARI,Jakarta Barat
KOMPLEK BBD,Jakarta Selatan
KOMPLEK BBD (CIGANJUR),Jakarta Selatan
KOMPLEK BDN,Jakarta Barat
KOMPLEK BEA CUKAI,Jakarta Timur
KOMPLEK BEA CUKAI (PASAR MINGGU),Jakarta Selatan
KOMPLEK BEA CUKAI (SUKAPURA),Jakarta Utara
KOMPLEK BERMIS,Jakarta Utara
KOMPLEK BIN,Jakarta Selatan
KOMPLEK BINAMARGA (CIPAYUNG),Jakarta Timur
KOMPLEK BINAMARGA (KEBAYORAN LAMA SELATAN),Jakarta Selatan
KOMPLEK BINAMARGA (PONDOK KELAPA),Jakarta Timur
KOMPLEK BINAMARGA (PONDOK PINANG),Jakarta Selatan
KOMPLEK BINAMARGA (RAWAJATI),Jakarta Selatan
KOMPLEK BNI 46,Jakarta Barat
KOMPLEK BNI 46 (CILANDAK BARAT),Jakarta Selatan
KOMPLEK BPP TEKNOLOGI,Jakarta Barat
KOMPLEK BRI (JATIPADANG),Jakarta Selatan
KOMPLEK BRI (RAWASARI),Jakarta Pusat
KOMPLEK BRIMOB (CILINCING),Jakarta Utara
KOMPLEK BRIMOB (SLIPI),Jakarta Barat
KOMPLEK BTN,Jakarta Barat
KOMPLEK BTN (KEMBANGAN UTARA),Jakarta Barat
KOMPLEK BUARAN BARU,Jakarta Timur
KOMPLEK BULOG (KAYU PUTIH),Jakarta Timur
KOMPLEK BULOG (SUKABUMI SELATAN),Jakarta Barat
KOMPLEK BULUH PERINDU,Jakarta Timur
KOMPLEK BUNGUR 3,Jakarta Selatan
KOMPLEK CAKRAWALA,Jakarta Utara
KOMPLEK CALTEX,Jakarta Selatan
KOMPLEK CARINA SAYANG 1,Jakarta Utara
KOMPLEK CPM,Jakarta Selatan
KOMPLEK DEN ZIPUR 3,Jakarta Timur
KOMPLEK DEPARTEMEN AGAMA,Jakarta Barat
KOMPLEK DEPARTEMEN DALAM NEGERI,Jakarta Selatan
KOMPLEK DEPARTEMEN KESEHATAN (JOGLO),Jakarta Barat
KOMPLEK DEPARTEMEN KESEHATAN (SUNTER JAYA),Jakarta Utara
KOMPLEK DEPARTEMEN KEUANGAN (DUREN SAWIT),Jakarta Timur
KOMPLEK DEPARTEMEN KEUANGAN (MERUYA SELATAN),Jakarta Barat
KOMPLEK DEPARTEMEN LUAR NEGERI (CIPETE),Jakarta Selatan
KOMPLEK DEPARTEMEN LUAR NEGERI (GROGOL SELATAN),Jakarta Selatan
KOMPLEK DEPARTEMEN PENERANGAN,Jakarta Barat
KOMPLEK DEPARTEMEN PERDAGANGAN,Jakarta Timur
KOMPLEK DEPARTEMEN PERHUBUNGAN,Jakarta Timur
KOMPLEK DEPARTEMEN PERTANIAN,Jakarta Selatan
KOMPLEK DEPARTEMEN SOSIAL,Jakarta Timur
KOMPLEK DEPARTEMEN SOSIAL MARGAGUNA,Jakarta Selatan
KOMPLEK DEPDAGRI,Jakarta Timur
KOMPLEK DEPDAGRI,Jakarta Selatan
KOMPLEK DEPDIKBUD,Jakarta Selatan
KOMPLEK DEPERINDAH,Jakarta Utara
KOMPLEK DEPLU 25,Jakarta Selatan
KOMPLEK DIRGANTARA 1,Jakarta Timur
KOMPLEK DIRGANTARA 2,Jakarta Timur
KOMPLEK DIRGANTARA 3,Jakarta Timur
KOMPLEK DIRJEN ANGGARAN,Jakarta Timur
KOMPLEK DISKUM AD,Jakarta Timur
KOMPLEK DIT ZENI TNI AD,Jakarta Timur
KOMPLEK DITJEN KETENAGAAN,Jakarta Barat
KOMPLEK DITTOP TNI AD,Jakarta Pusat
KOMPLEK DKI,Jakarta Barat
KOMPLEK DOKTER,Jakarta Timur
KOMPLEK DOLOG JAYA,Jakarta Timur
KOMPLEK DOSEN TRISAKTI,Jakarta Barat
KOMPLEK DPA (MERUYA SELATAN),Jakarta Barat
KOMPLEK DPA (PALMERAH),Jakarta Barat
KOMPLEK DPK SEMPER BARU,Jakarta Utara
KOMPLEK DPR JOGLO,Jakarta Barat
KOMPLEK DPR KEMANGGISAN,Jakarta Barat
KOMPLEK DUREN SAWIT BARU,Jakarta Timur
KOMPLEK GADING ARCADIA,Jakarta Utara
KOMPLEK GRIYA AGUNG PERMAI,Jakarta Pusat
KOMPLEK GUDANG PELURU,Jakarta Selatan
KOMPLEK HARLAP,Jakarta Selatan
JANUR ELOK,Jakarta Utara
KESATRIAAN MARINIR CILANDAK,Jakarta Selatan
KOMPLEK DEPARTEMEN KEUANGAN,Jakarta Timur
KOMP.RINDAM JAYA,Jakarta Timur
KOMPLE PERWIRA MABAD,Jakarta Barat
MAWAR TOWNHOUSE,Jakarta Selatan
MENTENG METROPOLITAN,Jakarta Timur
METRO MARINA,Jakarta Utara
MUTIARA BRAWIJAYA,Jakarta Selatan
ORANGE GLEN (TAMAN JERUK PURUT),Jakarta Selatan
PANORAMA INDAH,Jakarta Timur
PERMATA KEMANG TOWN HOUSE,Jakarta Selatan
PERMATA REGENCY,Jakarta Barat
PERUM INTERKOTA INDAH,Jakarta Barat
PERUM JASA TIRTA 2,Jakarta Timur
PERUM YASMIN,Jakarta Selatan
PERUMAHAN BANK EKONOMI,Jakarta Barat
PERUMAHAN BATALYON KAVALERI 1,Jakarta Timur
PERUMAHAN BEA CUKAI,Jakarta Barat
PERUMAHAN BI,Jakarta Barat
PERUMAHAN BNI,Jakarta Barat
PERUMAHAN BUMI INDAH,Jakarta Barat
PERUMAHAN BUMI KARANG INDAH,Jakarta Selatan
PERUMAHAN BUMI MALAKA SARI,Jakarta Timur
PERUMAHAN BUMI SARINAH,Jakarta Selatan
PERUMAHAN BUNCIT RAYA PERMAI,Jakarta Selatan
PERUMAHAN CENGKARENG INDAH,Jakarta Barat
PERUMAHAN CIPULIR PERMAI,Jakarta Selatan
PERUMAHAN DAAN MOGOT BARU,Jakarta Barat
PERUMAHAN DUREN SAWIT,Jakarta Timur
PERUMAHAN GOLKAR,Jakarta Barat
PERUMAHAN JAYA,Jakarta Barat
PERUMAHAN KARYAWAN FILM DAN TELEVISI,Jakarta Barat
PERUMAHAN LEMIGAS,Jakarta Barat
PERUMAHAN MIGAS 44,Jakarta Barat
PERUMAHAN PAJAK,Jakarta Barat
PERUMAHAN PERMATA MEDITERANIA,Jakarta Barat
PERUMAHAN PERTAMINA,Jakarta Barat
PERUMAHAN SEKNEG,Jakarta Barat
PERUMAHAN SENAYAN RESIDENCES,Jakarta Selatan
PERUMNAS BUMI SANGGRAHA,Jakarta Timur
PONDOK ARLIN INDAH,Jakarta Timur
PONDOK KUWERO,Jakarta Timur
PULOMAS RESIDENCE,Jakarta Timur
PURI BOTANICAL RESIDENCE,Jakarta Barat
PURI KENCANA,Jakarta Barat
RESIDENCE 28 KEDOYA,Jakarta Barat
RUKO KELAPA GADING PERMAI,Jakarta Utara
RUMAH KEDUTAAN,Jakarta Selatan
RUMAH SUSUN BENDUNGAN HILIR,Jakarta Pusat
RUMAH SUSUN KEMAYORAN,Jakarta Pusat
RUSUN KOMPLEK DKI PENJARINGAN,Jakarta Utara
SIMPRUG DIPORIS,Jakarta Utara
SUNRISE GARDEN,Jakarta Barat
TAMAN ALFA INDAH BLK C 2,Jakarta Barat
TAMAN ALFA INDAH BLOCK B9,Jakarta Barat
TAMAN BUKIT,Jakarta Selatan
TAMAN GANDARIA,Jakarta Selatan
TAMAN GANDARIA BLOK E,Jakarta Selatan
TAMAN GRISENDA,Jakarta Utara
TAMAN JATINEGARA,Jakarta Timur
TAMAN KEBON JERUK,Jakarta Barat
TAMAN KEDOYA BARU,Jakarta Barat
TAMAN MERUYA ILIR,Jakarta Barat
TAMAN PALEM LESTARI,Jakarta Barat
TAMAN PERMATA BUANA,Jakarta Barat
TAMAN PERMATA INDAH,Jakarta Barat
TAMAN PERMATA INDAH II,Jakarta Utara
TAMAN RATU INDAH,Jakarta Barat
TAMAN RATU INDAH BLOK B4,Jakarta Barat
TAMAN TAMAN PERMATA INDAH II (—),Jakarta Utara
TAMAN RATU INDAH BLOK BB1,Jakarta Barat
TAMAN TIRTA GOLF,Jakarta Selatan
TANJUNG MAS RAYA,Jakarta Selatan
THE GREEN MANSION,Jakarta Barat
THE KEW GARDEN RESIDENCE,Jakarta Utara
THE NIRWANA GARDEN,Jakarta Utara
THE ST. MORITZ,Jakarta Barat
THE VILLAS - KELAPA GADING SQUARE,Jakarta Utara
TOWN HOUSE KEMANG,Jakarta Selatan
TOWN HOUSE PURI BUNDA,Jakarta Timur
VILLA ARTHA GADING,Jakarta Utara