Nama Sekolah,Wilayah Jakarta
SMA Negeri 1,Jakarta Pusat
SMA Negeri 2,Jakarta Pusat
SMA Negeri 3,Jakarta Selatan
SMA Negeri 4,Jakarta Pusat
SMA Negeri 5,Jakarta Pusat
SMA Negeri 6,Jakarta Selatan
SMA Negeri 7,Jakarta Selatan
SMA Negeri 8,Jakarta Selatan
SMA Negeri 9,Jakarta Timur
SMA Negeri 10,Jakarta Pusat
SMA Negeri 11,Jakarta Timur
SMA Negeri 12,Jakarta Timur
SMA Negeri 13,Jakarta Utara
SMA Negeri 14,Jakarta Timur
SMA Negeri 15,Jakarta Utara
SMA Negeri 16,Jakarta Barat
SMA Negeri 17,Jakarta Barat
SMA Negeri 18,Jakarta Utara
SMA Negeri 19,Jakarta Barat
SMA Negeri 20,Jakarta Pusat
SMA Negeri 21,Jakarta Timur
SMA Negeri 22,Jakarta Timur
SMA Negeri 23,Jakarta Barat
SMA Negeri 24,Jakarta Pusat
SMA Negeri 25,Jakarta Pusat
SMA Negeri 26,Jakarta Selatan
SMA Negeri 27,Jakarta Pusat
SMA Negeri 28,Jakarta Selatan
SMA Negeri 29,Jakarta Selatan
SMA Negeri 30,Jakarta Pusat
SMA Negeri 31,Jakarta Timur
SMA Negeri 32,Jakarta Selatan
SMA Negeri 33,Jakarta Barat
SMA Negeri 34,Jakarta Selatan
SMA Negeri 35,Jakarta Pusat
SMA Negeri 36,Jakarta Timur
SMA Negeri 37,Jakarta Selatan
SMA Negeri 38,Jakarta Selatan
SMA Negeri 39,Jakarta Timur
SMA Negeri 40,Jakarta Utara
SMA Negeri 41,Jakarta Utara
SMA Negeri 42,Jakarta Timur
SMA Negeri 43,Jakarta Selatan
SMA Negeri 44,Jakarta Timur
SMA Negeri 45,Jakarta Utara
SMA Negeri 46,Jakarta Selatan
SMA Negeri 47,Jakarta Selatan
SMA Negeri 48,Jakarta Timur
SMA Negeri 49,Jakarta Selatan
SMA Negeri 50,Jakarta Timur
SMA Negeri 51,Jakarta Timur
SMA Negeri 52,Jakarta Utara
SMA Negeri 53,Jakarta Timur
SMA Negeri 54,Jakarta Timur
SMA Negeri 55,Jakarta Selatan
SMA Negeri 56,Jakarta Barat
SMA Negeri 57,Jakarta Barat
SMA Negeri 58,Jakarta Timur
SMA Negeri 59,Jakarta Timur
SMA Negeri 60,Jakarta Selatan
SMA Negeri 61,Jakarta Timur
SMA Negeri 62,Jakarta Timur
SMA Negeri 63,Jakarta Selatan
SMA Negeri 64,Jakarta Timur
SMA Negeri 65,Jakarta Barat
SMA Negeri 66,Jakarta Selatan
SMA Negeri 67,Jakarta Timur
SMA Negeri 68,Jakarta Pusat
SMA Negeri 69,Kepulauan Seribu
SMA Negeri 70,Jakarta Selatan
SMA Negeri 71,Jakarta Timur
SMA Negeri 72,Jakarta Utara
SMA Negeri 73,Jakarta Utara
SMA Negeri 74,Jakarta Selatan
SMA Negeri 75,Jakarta Utara
SMA Negeri 76,Jakarta Timur
SMA Negeri 77,Jakarta Pusat
SMA Negeri 78,Jakarta Barat
SMA Negeri 79,Jakarta Selatan
SMA Negeri 80,Jakarta Utara
SMA Negeri 81,Jakarta Timur
SMA Negeri 82,Jakarta Selatan
SMA Negeri 83,Jakarta Utara
SMA Negeri 84,Jakarta Barat
SMA Negeri 85,Jakarta Barat
SMA Negeri 86,Jakarta Selatan
SMA Negeri 87,Jakarta Selatan
SMA Negeri 88,Jakarta Timur
SMA Negeri 89,Jakarta Timur
SMA Negeri 90,Jakarta Selatan
SMA Negeri 91,Jakarta Timur
SMA Negeri 92,Jakarta Utara
SMA Negeri 93,Jakarta Timur
SMA Negeri 94,Jakarta Barat
SMA Negeri 95,Jakarta Barat
SMA Negeri 96,Jakarta Barat
SMA Negeri 97,Jakarta Selatan
SMA Negeri 98,Jakarta Timur
SMA Negeri 99,Jakarta Timur
SMA Negeri 100,Jakarta Timur
SMA Negeri 101,Jakarta Barat
SMA Negeri 102,Jakarta Timur
SMA Negeri 103,Jakarta Timur
SMA Negeri 104,Jakarta Timur
SMA Negeri 105,Jakarta Timur
SMA Negeri 106,Jakarta Timur
SMA Negeri 107,Jakarta Timur
SMA Negeri 108,Jakarta Selatan
SMA Negeri 109,Jakarta Selatan
SMA Negeri 110,Jakarta Utara
SMA Negeri 111,Jakarta Utara
SMA Negeri 112,Jakarta Barat
SMA Negeri 113,Jakarta Timur
SMA Negeri 114,Jakarta Utara
SMA Negeri 115,Jakarta Utara
SMA Negeri 116,Jakarta Selatan
SMA Negeri 117,Jakarta Pusat
SMA Negeri Ragunan,Jakarta Selatan
SRMA 9 Jakarta Timur,Jakarta Timur
SRMA 10 Jakarta Selatan,Jakarta Selatan
SMA Negeri Unggulan M.H. Thamrin,Jakarta Timur
SMA Advent 1 Jakarta,Jakarta Pusat
SMA Advent Salemba,Jakarta Pusat
Sma At Taqwa Jakarta,Jakarta Pusat
SMA Budi Mulia,Jakarta Pusat
SMA Bunda Mulia Jakarta,Jakarta Pusat
SMA Dwi Saka Jakarta,Jakarta Pusat
SMA Fransiskus 1 Jakarta,Jakarta Pusat
SMA Hati Suci,Jakarta Pusat
SMA Islam Al Jihad Jakarta,Jakarta Pusat
SMA Islam Said Na'um Jakarta,Jakarta Pusat
SMA Kanisius Jakarta,Jakarta Pusat
SMA Kartini 1 Jakarta,Jakarta Pusat
SMA Kristen 2 BPK Penabur,Jakarta Pusat
SMA Kristen 3 Penabur,Jakarta Pusat
SMA Kristen Bethel,Jakarta Pusat
SMA Kristen Kanaan Jakarta,Jakarta Pusat
SMA Kristen Karunia Jakarta,Jakarta Pusat
SMA Kristen Ketapang 1 Jakarta,Jakarta Pusat
SMA Kristen Saint John,Jakarta Pusat
SMA Muhammadiyah 1 Jakarta,Jakarta Pusat
SMA Muhammadiyah 2 Jakarta,Jakarta Pusat
SMA Muhammadiyah 14 Jakarta,Jakarta Pusat
SMA Muhammadiyah 16 Jakarta,Jakarta Pusat
SMA Paskalis,Jakarta Pusat
SMA Perguruan Ksatrya,Jakarta Pusat
SMA Perguruan Nasional Jakarta,Jakarta Pusat
SMA PSKD 1 Jakarta,Jakarta Pusat
SMA PSKD 3 Jakarta,Jakarta Pusat
SMA Santa Theresia,Jakarta Pusat
SMA Santa Ursula,Jakarta Pusat
SMA Santo Bellarminus,Jakarta Pusat
SMA Santo Paulus Jakarta,Jakarta Pusat
SMA Sunda Kelapa Jakarta,Jakarta Pusat
SMA Taman Madya 5 Jakarta,Jakarta Pusat
SMA Taman Madya I Jakarta,Jakarta Pusat
SMA Tarsisius 1 Jakarta,Jakarta Pusat
SMA Triwibawa Jakarta,Jakarta Pusat
SMA Yapermas Jakarta,Jakarta Pusat
Smas YP IPPI Petojo Jakarta,Jakarta Pusat
SMA Al Jihad Jakarta,Jakarta Utara
SMA Al Khairiyah Jakarta,Jakarta Utara
SMA Al Muhajirin Jakarta,Jakarta Utara
SMA Bina Maju Bangsa,Jakarta Utara
SMA Buana Siswa,Jakarta Utara
SMA Budi Agung,Jakarta Utara
SMA Bukit Mulia,Jakarta Utara
SMA Bunga Hati Bangsa,Jakarta Utara
SMA Cahaya Kudus Jakarta,Jakarta Utara
SMA Chandra Kusuma Jakarta,Jakarta Utara
SMA Darma Satria Persada,Jakarta Utara
SMA Dharma Budhi Bhakti Jakarta,Jakarta Utara
SMA Dharma Putra Jakarta,Jakarta Utara
SMA Dharma Suci Jakarta,Jakarta Utara
SMA Don Bosco 1 Jakarta,Jakarta Utara
SMA Fons Vitae 2 Jakarta,Jakarta Utara
SMA Gideon Jakarta,Jakarta Utara
SMA Gita Kirti 2,Jakarta Utara
SMA Harapan Kasih Jakarta,Jakarta Utara
SMA Islam Al Azhar Kelapa Gading,Jakarta Utara
SMA Jac,Jakarta Utara
SMA Jubilee,Jakarta Utara
SMA Katolik Diakonia Jakarta,Jakarta Utara
SMA Kristen 5 Penabur,Jakarta Utara
SMA Kristen 6 Penabur,Jakarta Utara
SMA Kristen Calvin,Jakarta Utara
SMA Kristen Ipeka Pluit,Jakarta Utara
SMA Kristen Ipeka Sunter,Jakarta Utara
SMA Kristen Tunas Bangsa,Jakarta Utara
SMA Kristen Yusuf,Jakarta Utara
SMA Laphat Plus,Jakarta Utara
SMA Lilin Bangsa Intercultural School,Jakarta Utara
SMA Mahatma Gading,Jakarta Utara
SMA Mandala Cendekia,Jakarta Utara
SMA Marie Joseph,Jakarta Utara
SMA Methodist Jakarta,Jakarta Utara
SMA Mutiara 1 Jakarta,Jakarta Utara
SMA Nurul Falah Jakarta,Jakarta Utara
SMA Nusantara Jakarta,Jakarta Utara
SMA Nusantara Permai,Jakarta Utara
SMA Pelangi Kasih,Jakarta Utara
SMA Permai Jakarta,Jakarta Utara
SMA Permata Indah Jakarta,Jakarta Utara
SMA PGRI 12 Jakarta,Jakarta Utara
SMA Pusaka Abadi Jakarta,Jakarta Utara
SMA Saint Peter,Jakarta Utara
SMA Santo Lukas 1 Jakarta,Jakarta Utara
SMA Santo Yakobus Jakarta,Jakarta Utara
SMA St Maria Della Strada,Jakarta Utara
SMA Stella Maris Jakarta,Jakarta Utara
SMA Sukses Abadi,Jakarta Utara
SMA Tanjung Priok Jakarta,Jakarta Utara
SMA Tarakanita 2,Jakarta Utara
SMA Tunas Gading,Jakarta Utara
SMA Tunas Karya Jakarta,Jakarta Utara
SMA Westin,Jakarta Utara
SMA Wijaya Jakarta,Jakarta Utara
SMA Wijaya Kusuma Jakarta,Jakarta Utara
SMA Yaniic Jakarta,Jakarta Utara
SMA Yappenda,Jakarta Utara
SMA Yaspi Jakarta,Jakarta Utara
SMA Yusha Jakarta,Jakarta Utara
SMA 1 Barunawati,Jakarta Barat
SMA 1 Yadika,Jakarta Barat
SMA 3 Kalam Kudus,Jakarta Barat
SMA Al Chasanah,Jakarta Barat
SMA Al Huda Cengkareng,Jakarta Barat
SMA Al Kamal,Jakarta Barat
SMA Baptis Cengkareng Indah,Jakarta Barat
SMA Bhakti Utama,Jakarta Barat
SMA Bhineka Tunggal Ika,Jakarta Barat
SMA Bina Kusuma Mulia,Jakarta Barat
SMA Blossom School,Jakarta Barat
SMA Budaya,Jakarta Barat
SMA Budi Murni 2,Jakarta Barat
SMA Bunda Hati Kudus,Jakarta Barat
SMA Bunda Mulia,Jakarta Barat
SMA Cahaya Fadilah,Jakarta Barat
SMA Cakra Buana,Jakarta Barat
SMA Candra Naya,Jakarta Barat
SMA Cengkareng 1,Jakarta Barat
SMA Cinta Kasih Tzu Chi,Jakarta Barat
SMA Cinta Mulia Chong Mian,Jakarta Barat
SMA Citra Kasih,Jakarta Barat
SMA Damai,Jakarta Barat
SMA Dhammasavana,Jakarta Barat
SMA Dharma Jaya,Jakarta Barat
SMA Dian Harapan,Jakarta Barat
SMA Dian Kasih,Jakarta Barat
SMA Fajrul Islam,Jakarta Barat
SMA Fatahillah,Jakarta Barat
SMA Galatia 3,Jakarta Barat
SMA Global Nusantara School,Jakarta Barat
SMA Harapan Jaya,Jakarta Barat
SMA Ichthus Jakarta Barat,Jakarta Barat
SMA Impian Bunda,Jakarta Barat
SMA IP Yakin,Jakarta Barat
SMA Islam Al Azhar 20 Kembangan,Jakarta Barat
SMA Islam Tambora,Jakarta Barat
SMA Islam Terpadu Almaka,Jakarta Barat
SMA Josua,Jakarta Barat
SMA Kairos Gracia,Jakarta Barat
SMA Kanaan Global School,Jakarta Barat
SMA Kasih Bagi Bangsa,Jakarta Barat
SMA Kasih Immanuel,Jakarta Barat
SMA Kasih Karunia,Jakarta Barat
SMA Katholik Bintang Kejora,Jakarta Barat
SMA Katolik Abdi Siswa,Jakarta Barat
SMA Katolik Lia Stephanie,Jakarta Barat
SMA Katolik Ricci,Jakarta Barat
SMA Katolik Sang Timur,Jakarta Barat
SMA Kemurnian II,Jakarta Barat
SMA Kristen 1 BPK Penabur,Jakarta Barat
SMA Kristen 4 Penabur,Jakarta Barat
SMA Kristen Almasih,Jakarta Barat
SMA Kristen Immanuel,Jakarta Barat
SMA Kristen Ipeka Puri Indah,Jakarta Barat
SMA Kristen Ipeka Tomang,Jakarta Barat
SMA Kristen Kalam Kudus II,Jakarta Barat
SMA Kristen Kasih Kemuliaan,Jakarta Barat
SMA Kristen Pancaran Berkat,Jakarta Barat
SMA Kristen Samaria Kudus,Jakarta Barat
SMA Kristen Tiara Kasih,Jakarta Barat
SMA Kristen Tunas Bangsa,Jakarta Barat
SMA Lamaholot,Jakarta Barat
SMA Mahabodhi Vidya,Jakarta Barat
SMA Maitreyawira Jakarta,Jakarta Barat
SMA Makarios,Jakarta Barat
SMA Mentari Grand Surya,Jakarta Barat
SMA Muhammadiyah 13 Jakarta,Jakarta Barat
SMA Muhammadiyah 15,Jakarta Barat
SMA Muhammadiyah 24,Jakarta Barat
SMA Mutiara Bangsa 3,Jakarta Barat
SMA Nasional Nusantara,Jakarta Barat
SMA Notre Dame,Jakarta Barat
SMA Padindi,Jakarta Barat
SMA Pah Tsung,Jakarta Barat
SMA Pelita 2,Jakarta Barat
SMA Pelita Anugerah,Jakarta Barat
SMA Pelita IV,Jakarta Barat
SMA Pelita Kasih,Jakarta Barat
SMA Petra,Jakarta Barat
SMA Providentia,Jakarta Barat
SMA Regina Pacis,Jakarta Barat
SMA Saint Johns School,Jakarta Barat
SMA San Marino,Jakarta Barat
SMA Santo Kristoforus 1,Jakarta Barat
SMA Santo Kristoforus 2,Jakarta Barat
SMA Santo Leo,Jakarta Barat
SMA Santo Leo II,Jakarta Barat
SMA Sentosa,Jakarta Barat
SMA Sinar Dharma,Jakarta Barat
SMA Sumpah Pemuda,Jakarta Barat
SMA Tarsisius II,Jakarta Barat
SMA Tri Ratna,Jakarta Barat
SMA Tunas Harapan,Jakarta Barat
SMA Tunas Indonesia,Jakarta Barat
SMA Vianney,Jakarta Barat
SMA Wardaya,Jakarta Barat
SMA Yadika 2,Jakarta Barat
SMA Yadika 5,Jakarta Barat
SMA YP BDN,Jakarta Barat
SMA 17 Agustus 45 Jakarta,Jakarta Selatan
SMA 2 Perguruan Cikini,Jakarta Selatan
SMA 28 Oktober 1928,Jakarta Selatan
SMA Al Azhar Syifa Budi,Jakarta Selatan
SMA Al Kautsar,Jakarta Selatan
SMA Al Wildan 4 Islamic School Jakarta,Jakarta Selatan
SMA Asisi Jakarta,Jakarta Selatan
SMA Avicenna Jagakarsa,Jakarta Selatan
SMA Bakti Idhata Jakarta,Jakarta Selatan
SMA Bakti Mulya 400,Jakarta Selatan
SMA Bunda Kandung Jakarta,Jakarta Selatan
SMA Cenderawasih 1,Jakarta Selatan
SMA Charitas,Jakarta Selatan
SMA Cikal,Jakarta Selatan
SMA Citra Kasih Don Bosco Pondok Indah,Jakarta Selatan
SMA Darul Maarif Jakarta,Jakarta Selatan
SMA Darunnajah,Jakarta Selatan
SMA Dewi Sartika,Jakarta Selatan
SMA Dharma Karya Jakarta,Jakarta Selatan
SMA Eunoia Intercultural School,Jakarta Selatan
SMA Fatahillah Jakarta,Jakarta Selatan
SMA Garuda Cendekia,Jakarta Selatan
SMA Gita Kirtti 3 Jakarta,Jakarta Selatan
SMA Gonzaga Jakarta,Jakarta Selatan
SMA Hang Tuah 1 Jakarta,Jakarta Selatan
SMA International Islamic High School (IIHS),Jakarta Selatan
SMA Islam Al Azhar 1 Jakarta,Jakarta Selatan
SMA Islam Al Azhar 2 Jakarta,Jakarta Selatan
SMA Islam Al Azhar 3 Jakarta,Jakarta Selatan
SMA Islam Al Izhar Pondok Labu,Jakarta Selatan
SMA Islam Al Kholidin Jakarta,Jakarta Selatan
SMA Islam Annajah,Jakarta Selatan
SMA Islam As Syafiiyah 01,Jakarta Selatan
SMA Islam Harapan Ibu,Jakarta Selatan
SMA Jagakarsa,Jakarta Selatan
SMA Jakarta Montessori,Jakarta Selatan
SMA Kartika VIII-1 Jakarta,Jakarta Selatan
SMA Kartika X-1,Jakarta Selatan
SMA Keluarga Widuri Jakarta,Jakarta Selatan
SMA Kemala Bhayangkari 1,Jakarta Selatan
SMA Kharismawita Jakarta,Jakarta Selatan
SMA Labschool Bintaro,Jakarta Selatan
SMA Labschool Kebayoran,Jakarta Selatan
SMA Muhammadiyah 3 Jakarta,Jakarta Selatan
SMA Muhammadiyah 5 Jakarta,Jakarta Selatan
SMA Muhammadiyah 18 Jakarta,Jakarta Selatan
SMA Muttaqien Jakarta,Jakarta Selatan
SMA Pangudi Luhur Jakarta,Jakarta Selatan
SMA Pattimura Jakarta,Jakarta Selatan
SMA Perguruan Cikini Jakarta,Jakarta Selatan
SMA Perguruan Rakyat 1 Jakarta,Jakarta Selatan
SMA Perkumpulan Mandiri,Jakarta Selatan
SMA PGRI 3 Jakarta,Jakarta Selatan
SMA Plus Khadijah Islamic School,Jakarta Selatan
SMA PSKD 4 Jakarta,Jakarta Selatan
SMA Purnama Jakarta,Jakarta Selatan
SMA Suluh Jakarta,Jakarta Selatan
SMA Sumbangsih Jakarta,Jakarta Selatan
SMA Tarakanita 1 Jakarta,Jakarta Selatan
SMA Tirtamarta BPK Penabur,Jakarta Selatan
SMA Triguna Jakarta,Jakarta Selatan
SMA Yasporbi 1 Jakarta,Jakarta Selatan
SMA YMIK 2 Jakarta,Jakarta Selatan
SMA 1 Cawang Baru,Jakarta Timur
SMA Adi Luhur Jakarta,Jakarta Timur
SMA Al Falah,Jakarta Timur
SMA Al Ghurabaa Jakarta,Jakarta Timur
SMA Al Hikmah Jakarta,Jakarta Timur
SMA Al Wildan Islamic School 10 Jakarta,Jakarta Timur
SMA Angkasa 1 H Perdanakusuma,Jakarta Timur
SMA Angkasa 2 H Perdanakusuma,Jakarta Timur
SMA Bina Dharma Jakarta,Jakarta Timur
SMA Bina Pangudi Luhur Jakarta,Jakarta Timur
SMA BPS&K I,Jakarta Timur
SMA Budaya Jakarta,Jakarta Timur
SMA Budhaya 2 St Agustinus,Jakarta Timur
SMA Budhi Warman 1,Jakarta Timur
SMA Budhi Warman 2,Jakarta Timur
SMA Budi Mulia Utama Jakarta,Jakarta Timur
SMA Cahaya Sakti Jakarta,Jakarta Timur
SMA Chartar Buana,Jakarta Timur
SMA Cikal Amri,Jakarta Timur
SMA Corpatarin Jakarta,Jakarta Timur
SMA Dewi Sartika YBW Jakarta,Jakarta Timur
SMA Dian Persada Jakarta,Jakarta Timur
SMA Diponegoro 1 Jakarta,Jakarta Timur
SMA Diponegoro 2 Jakarta,Jakarta Timur
SMA Don Bosco II,Jakarta Timur
SMA Embun Pagi Islamic School,Jakarta Timur
SMA EMIISc Jakarta,Jakarta Timur
SMA Fons Vitae 1 Jakarta,Jakarta Timur
SMA Fransiskus 2 Jakarta,Jakarta Timur
SMA Global Islamic School,Jakarta Timur
SMA Global Mandiri,Jakarta Timur
SMA Highfield,Jakarta Timur
SMA IGN Slamet Riyadi,Jakarta Timur
SMA Islam Al Azhar 19,Jakarta Timur
SMA Islam Al Maruf,Jakarta Timur
SMA Islam PB Soedirman,Jakarta Timur
SMA IT Al Halimiyah Jakarta,Jakarta Timur
SMA IT Buahati Islamic School,Jakarta Timur
SMA Jakarta Islamic School,Jakarta Timur
SMA Kapin,Jakarta Timur
SMA Katolik Nusa Melati,Jakarta Timur
SMA Kristen 7 Penabur,Jakarta Timur
SMA Kristen Berkat Jakarta,Jakarta Timur
SMA Kristen Tunas Bangsa,Jakarta Timur
SMA Labschool Ciracas,Jakarta Timur
SMA Labschool Jakarta,Jakarta Timur
SMA Malahayati,Jakarta Timur
Sma Mardani Leadership School,Jakarta Timur
SMA Minhaajurrosyidiin,Jakarta Timur
SMA Muhammadiyah 11 Jakarta,Jakarta Timur
SMA Muhammadiyah 12 Jakarta,Jakarta Timur
SMA Muhammadiyah 23 Jakarta,Jakarta Timur
SMA Muhammadiyah 4 Jakarta,Jakarta Timur
SMA Nabawi Islamic School,Jakarta Timur
SMA Nahdlatul Wathan,Jakarta Timur
SMA Nizamia Andalusia,Jakarta Timur
SMA Nurul Huda Jakarta,Jakarta Timur
SMA Pangudi Rahayu,Jakarta Timur
SMA Pelita Tiga No 3 Jakarta,Jakarta Timur
SMA Pembangunan III YPI,Jakarta Timur
SMA Perguruan Advent XV,Jakarta Timur
SMA Perguruan Rakyat 2 Jakarta,Jakarta Timur
SMA Perguruan Rakyat 3 Jakarta,Jakarta Timur
SMA PGRI 1 Jakarta,Jakarta Timur
SMA PGRI 24 Jakarta,Jakarta Timur
SMA PGRI 4 Jakarta,Jakarta Timur
SMA PKP,Jakarta Timur
SMA Pratama,Jakarta Timur
SMA Prestasi Prima,Jakarta Timur
SMA PSKD II Jakarta,Jakarta Timur
SMA Pusaka 1 Jakarta,Jakarta Timur
SMA Putra 1,Jakarta Timur
SMA Santika,Jakarta Timur
SMA Santo Yoseph Jakarta,Jakarta Timur
SMA Sapta Kharisma Jakarta,Jakarta Timur
SMA ST Alexius Jakarta,Jakarta Timur
SMA ST Antonius Jakarta,Jakarta Timur
SMA Taruna Persada,Jakarta Timur
SMA Teladan 1 Jakarta,Jakarta Timur
SMA Trampil 2 Jakarta,Jakarta Timur
SMA Trisoko Jakarta,Jakarta Timur
SMA Tunas Markatin Jakarta,Jakarta Timur
SMA Uswatun Hasanah Jakarta,Jakarta Timur
SMA Villa Mas Jakarta,Jakarta Timur
SMA Widya Manggala Jakarta,Jakarta Timur
SMA Wijaya Kusuma,Jakarta Timur
SMA Yake Jakarta,Jakarta Timur
SMA YP IPPI Jakarta,Jakarta Timur
SMK Negeri 1,Jakarta Pusat
SMK Negeri 2,Jakarta Pusat
SMK Negeri 3,Jakarta Pusat
SMK Negeri 4,Jakarta Utara
SMK Negeri 5,Jakarta Timur
SMK Negeri 6,Jakarta Selatan
SMK Negeri 7,Jakarta Timur
SMK Negeri 8,Jakarta Selatan
SMK Negeri 9,Jakarta Barat
SMK Negeri 10,Jakarta Timur
SMK Negeri 11,Jakarta Barat
SMK Negeri 12,Jakarta Utara
SMK Negeri 13,Jakarta Barat
SMK Negeri 14,Jakarta Pusat
SMK Negeri 15,Jakarta Selatan
SMK Negeri 16,Jakarta Pusat
SMK Negeri 17,Jakarta Barat
SMK Negeri 18,Jakarta Selatan
SMK Negeri 19,Jakarta Pusat
SMK Negeri 20,Jakarta Selatan
SMK Negeri 21,Jakarta Pusat
SMK Negeri 22,Jakarta Timur
SMK Negeri 23,Jakarta Utara
SMK Negeri 24,Jakarta Timur
SMK Negeri 25,Jakarta Selatan
SMK Negeri 26,Jakarta Timur
SMK Negeri 27,Jakarta Pusat
SMK Negeri 28,Jakarta Selatan
SMK Negeri 29,Jakarta Selatan
SMK Negeri 30,Jakarta Selatan
SMK Negeri 31,Jakarta Pusat
SMK Negeri 32,Jakarta Selatan
SMK Negeri 33,Jakarta Utara
SMK Negeri 34,Jakarta Pusat
SMK Negeri 35,Jakarta Barat
SMK Negeri 36,Jakarta Utara
SMK Negeri 37,Jakarta Selatan
SMK Negeri 38,Jakarta Pusat
SMK Negeri 39,Jakarta Pusat
SMK Negeri 40,Jakarta Timur
SMK Negeri 41,Jakarta Selatan
SMK Negeri 42,Jakarta Barat
SMK Negeri 43,Jakarta Selatan
SMK Negeri 44,Jakarta Pusat
SMK Negeri 45,Jakarta Barat
SMK Negeri 46,Jakarta Timur
SMK Negeri 47,Jakarta Selatan
SMK Negeri 48,Jakarta Timur
SMK Negeri 49,Jakarta Utara
SMK Negeri 50,Jakarta Timur
SMK Negeri 51,Jakarta Timur
SMK Negeri 52,Jakarta Timur
SMK Negeri 53,Jakarta Barat
SMK Negeri 54,Jakarta Pusat
SMK Negeri 55,Jakarta Utara
SMK Negeri 56,Jakarta Utara
SMK Negeri 57,Jakarta Selatan
SMK Negeri 58,Jakarta Timur
SMK Negeri 59,Jakarta Selatan
SMK Negeri 60,Jakarta Barat
SMK Negeri 61,Kepulauan Seribu
SMK Negeri 62,Jakarta Selatan
SMK Negeri 63,Jakarta Selatan
SMK Negeri 64,Jakarta Timur
SMK Negeri 65,Jakarta Timur
SMK Negeri 66,Jakarta Timur
SMK Negeri 67,Jakarta Timur
SMK Negeri 68,Jakarta Timur
SMK Negeri 69,Jakarta Timur
SMK Negeri 70,Jakarta Timur
SMK Negeri 71,Jakarta Timur
SMK Negeri 72,Jakarta Barat
SMK Negeri 73,Jakarta Barat
SMK Negeri 74,Jakarta Selatan
SMK Al Ihsan,Jakarta Pusat
SMK Al Irsyad,Jakarta Pusat
SMK Al Ma'mur,Jakarta Pusat
SMK At Taqwa,Jakarta Pusat
SMK Bunda Mulia 1,Jakarta Pusat
SMK Cempaka,Jakarta Pusat
SMK Dental Asisten Sekesal Jakarta,Jakarta Pusat
SMK Farmasi BPK Penabur,Jakarta Pusat
SMK Farmasi Ditkesad,Jakarta Pusat
SMK Farmasi Tunas Bangsa,Jakarta Pusat
SMK Franciskus 2,Jakarta Pusat
SMK Global Multimedia,Jakarta Pusat
SMK Jakarta Dua,Jakarta Pusat
SMK Jakarta Pusat 1,Jakarta Pusat
SMK Jayawisata 1,Jakarta Pusat
SMK Kampung Jawa Jakarta,Jakarta Pusat
SMK Kartini,Jakarta Pusat
SMK Katolik Saint Joseph,Jakarta Pusat
SMK Kristen Bethel,Jakarta Pusat
SMK Kristen Kanaan,Jakarta Pusat
SMK Ksatrya,Jakarta Pusat
SMK Muhammadiyah 1 Jakarta,Jakarta Pusat
SMK Muhammadiyah 2 Jakarta,Jakarta Pusat
SMK Muhammadiyah 5 Jakarta,Jakarta Pusat
SMK Muhammadiyah 10 Jakarta,Jakarta Pusat
SMK Muhammadiyah 11 Jakarta,Jakarta Pusat
SMK PGRI 31 Jakarta,Jakarta Pusat
SMK PGRI 4 Jakarta,Jakarta Pusat
SMK Poncol,Jakarta Pusat
SMK PSKD 1 Jakarta,Jakarta Pusat
SMK Rex Mundi,Jakarta Pusat
SMK Said Naum,Jakarta Pusat
SMK Santa Maria,Jakarta Pusat
SMK Santa Theresia,Jakarta Pusat
SMK Santo Paulus,Jakarta Pusat
SMK Strada 1 Jakarta,Jakarta Pusat
SMK Strada Jakarta,Jakarta Pusat
SMK Taman Siswa 1 Jakarta,Jakarta Pusat
SMK Taman Siswa 2 Jakarta,Jakarta Pusat
SMK Taman Siswa 3 Jakarta,Jakarta Pusat
SMK Tunas Harapan,Jakarta Pusat
SMK Yapermas Jakarta,Jakarta Pusat
SMK YP IPPI Petojo,Jakarta Pusat
SMK 11 Maret,Jakarta Utara
SMK Al Irsyad Jakarta,Jakarta Utara
SMK Al Jihad Jakarta,Jakarta Utara
SMK Al Khairiyah 1 Jakarta,Jakarta Utara
SMK Al Khairiyah 2 Jakarta,Jakarta Utara
SMK Al Khairiyah Bahari,Jakarta Utara
SMK Al Miftahiyyah,Jakarta Utara
SMK Al Muttaqin,Jakarta Utara
SMK Ar Raudhah Jakarta,Jakarta Utara
SMK Az Zahrah,Jakarta Utara
SMK Barunawati,Jakarta Utara
SMK Bintang Nusantara,Jakarta Utara
SMK Budi Agung,Jakarta Utara
SMK Cilincing 1 Jakarta,Jakarta Utara
SMK Cilincing 3 Jakarta,Jakarta Utara
SMK Citra Bangsa,Jakarta Utara
SMK Darul Maarif,Jakarta Utara
SMK Dharma Putra 1,Jakarta Utara
SMK Fajar Indah,Jakarta Utara
SMK Genesaret,Jakarta Utara
SMK Gita Kirtti 2 Jakarta,Jakarta Utara
SMK Global 21 Jakarta,Jakarta Utara
SMK Gunung Jati Jakarta,Jakarta Utara
SMK Hang Tuah 1 Jakarta,Jakarta Utara
SMK Hang Tuah 2,Jakarta Utara
SMK Jaya Jakarta,Jakarta Utara
SMK Kasih Ananda,Jakarta Utara
SMK Kencana 1 Jakarta,Jakarta Utara
SMK Kesehatan Global Cendekia,Jakarta Utara
SMK Kristen Harapan Mulia,Jakarta Utara
SMK Lagoa,Jakarta Utara
SMK Media Karya,Jakarta Utara
SMK Muhammadiyah 12,Jakarta Utara
SMK Mutiara 1 Jakarta,Jakarta Utara
SMK Nusantara 1 Jakarta,Jakarta Utara
SMK Nusantara 2 Jakarta,Jakarta Utara
SMK Pangeran Wijayakusuma,Jakarta Utara
SMK Pelayaran Djadajat Jakarta,Jakarta Utara
SMK Pelayaran Jakarta,Jakarta Utara
SMK Pelayaran Jakarta Raya,Jakarta Utara
SMK Pelayaran Jalasena,Jakarta Utara
SMK Pelayaran Malahayati Jakarta,Jakarta Utara
SMK Perguruan Cikini Jakarta,Jakarta Utara
SMK Perintis Nasional Jakarta,Jakarta Utara
SMK Permata Indah,Jakarta Utara
SMK PGRI 3 Jakarta,Jakarta Utara
SMK PGRI 11 Jakarta,Jakarta Utara
SMK PGRI 38 Jakarta,Jakarta Utara
SMK Pluit Raya,Jakarta Utara
SMK PSKD 3 Jakarta,Jakarta Utara
SMK Raudhatul Jannatunnaim,Jakarta Utara
SMK Remaja Pluit,Jakarta Utara
SMK Sari Putra,Jakarta Utara
SMK Sejahtera Jakarta,Jakarta Utara
SMK Siliwangi Jakarta,Jakarta Utara
SMK Sismadi,Jakarta Utara
SMK SPES Patriae,Jakarta Utara
SMK Strada 3 Jakarta,Jakarta Utara
SMK Syahid,Jakarta Utara
SMK Tanjung Priok 1 Jakarta,Jakarta Utara
SMK Tanjung Priok 2 Jakarta,Jakarta Utara
SMK Tridharma Budhidaya,Jakarta Utara
SMK Walang Jaya,Jakarta Utara
SMK Wiyatamandala Bakti Jakarta,Jakarta Utara
SMK Wiyatamandala Jakarta,Jakarta Utara
SMK Yanindo Jakarta,Jakarta Utara
SMK Yappenda Jakarta,Jakarta Utara
SMK Yaspi Jaya,Jakarta Utara
SMK Yusha Jakarta,Jakarta Utara
SMK 1 Barunawati,Jakarta Barat
SMK 1 Citra Adhi Pratama,Jakarta Barat
SMK Ad Dawah,Jakarta Barat
SMK Al Chasanah Jakarta,Jakarta Barat
SMK Al Firdaus,Jakarta Barat
SMK Al Hamidiyah,Jakarta Barat
SMK Al Huda Kebon Jeruk,Jakarta Barat
SMK Al Ihsan Jakarta,Jakarta Barat
SMK Al Mafatih Jakarta,Jakarta Barat
SMK Al Washilah 1 Jakarta,Jakarta Barat
SMK Benteng Gading Jakarta,Jakarta Barat
SMK Bhakti,Jakarta Barat
SMK Bhara Trikora 1 Jakarta,Jakarta Barat
SMK Bina Bangsa,Jakarta Barat
SMK Bina Husada Mandiri,Jakarta Barat
SMK Bina Insan Mandiri,Jakarta Barat
SMK Bina Insan Nusantara,Jakarta Barat
SMK Bina Karya Jakarta,Jakarta Barat
SMK Budi Murni 2,Jakarta Barat
SMK Bunda Mulia,Jakarta Barat
SMK Cahaya Prima,Jakarta Barat
SMK Candra Naya,Jakarta Barat
SMK Cengkareng 1,Jakarta Barat
SMK Cengkareng 2,Jakarta Barat
SMK Cengkareng Jakarta,Jakarta Barat
SMK Cindera Mata Indah Jakarta,Jakarta Barat
SMK Cinta Kasih Tzu Chi,Jakarta Barat
SMK Citra Utama,Jakarta Barat
SMK Dewi Sartika,Jakarta Barat
SMK Dhamma Savana Jakarta,Jakarta Barat
SMK Dian Jakarta,Jakarta Barat
SMK Didaktika,Jakarta Barat
SMK Duta Bangsa Jakarta,Jakarta Barat
SMK Duta Mas Jakarta,Jakarta Barat
SMK Eka Sakti,Jakarta Barat
SMK Era Pembangunan 3,Jakarta Barat
SMK Global Persada,Jakarta Barat
SMK Harapan Jaya,Jakarta Barat
SMK Harapan Raya,Jakarta Barat
SMK Harvard Jakarta,Jakarta Barat
SMK Ibu Pertiwi 1 Jakarta,Jakarta Barat
SMK Ibu Pertiwi 2 Jakarta,Jakarta Barat
SMK Insan Aqilah 4,Jakarta Barat
SMK Insan Cendikia,Jakarta Barat
SMK Insan Cita,Jakarta Barat
SMK Insan Global,Jakarta Barat
SMK IP Yakin,Jakarta Barat
SMK Islam Assaadatul Abadiyah Jakarta,Jakarta Barat
SMK Islam Bahagia,Jakarta Barat
SMK Islam Fatahillah Jakarta,Jakarta Barat
SMK Islam Perti Jakarta,Jakarta Barat
SMK Jakarta 1,Jakarta Barat
SMK Jakarta Barat 1,Jakarta Barat
SMK Jakarta III,Jakarta Barat
SMK Jakarta IV,Jakarta Barat
SMK Josua Jakarta,Jakarta Barat
SMK Kartika X 1,Jakarta Barat
SMK Kasih Anugerah,Jakarta Barat
SMK Kebon Jeruk Jakarta,Jakarta Barat
SMK Kebudayaan,Jakarta Barat
SMK Kesatuan,Jakarta Barat
SMK Kristen Cendrawasih,Jakarta Barat
SMK Kristen Pancaran Berkat,Jakarta Barat
SMK Kristen Rahmani,Jakarta Barat
SMK Lamaholot Jakarta,Jakarta Barat
SMK Maarif Jakarta,Jakarta Barat
SMK Muhammadiyah 3 Jakarta,Jakarta Barat
SMK Muhammadiyah 4 Jakarta,Jakarta Barat
SMK Muhammadiyah 13 Jakarta,Jakarta Barat
SMK Multimedia Mandiri,Jakarta Barat
SMK Mutiara Bangsa,Jakarta Barat
SMK Mutiara Bangsa 3,Jakarta Barat
SMK Nusantara,Jakarta Barat
SMK Padindi,Jakarta Barat
SMK Pariwisata Sumbangsih,Jakarta Barat
SMK Patmos,Jakarta Barat
SMK Patriot Nusantara,Jakarta Barat
SMK Pelita IV,Jakarta Barat
SMK Pembangun Generasi Emas,Jakarta Barat
SMK Permata Bunda I Jakarta,Jakarta Barat
SMK Permata Dunia,Jakarta Barat
SMK PGRI 2 Jakarta,Jakarta Barat
SMK PGRI 5 Jakarta,Jakarta Barat
SMK PGRI 24 Jakarta,Jakarta Barat
SMK PGRI 29 Jakarta,Jakarta Barat
SMK PGRI 35 Jakarta,Jakarta Barat
SMK PGRI 36 Jakarta,Jakarta Barat
SMK  Prima Wisata,Jakarta Barat
SMK  Putra Mandiri,Jakarta Barat
SMK Putra Nusantara,Jakarta Barat
SMK Reformasi,Jakarta Barat
SMK Santo Leo,Jakarta Barat
SMK Satria Jakarta,Jakarta Barat
SMK Sentosa,Jakarta Barat
SMK Setia Gama,Jakarta Barat
SMK Strada II Jakarta,Jakarta Barat
SMK Sumpah Pemuda,Jakarta Barat
SMK Taman Sakti Jakarta,Jakarta Barat
SMK Tanjung Jakarta,Jakarta Barat
SMK Teladan Jakarta,Jakarta Barat
SMK Telkom Sandhy Putra Jakarta,Jakarta Barat
SMK Tomang Raya,Jakarta Barat
SMK Tri Arga 2,Jakarta Barat
SMK Tri Ratna Jakarta,Jakarta Barat
SMK Tunas Harapan,Jakarta Barat
SMK Widya Patria 2,Jakarta Barat
SMK Wiyata Satya,Jakarta Barat
SMK Yadika 1 Jakarta,Jakarta Barat
SMK Yadika 2 Jakarta,Jakarta Barat
SMK Yadika 3 Jakarta,Jakarta Barat
SMK Yandika,Jakarta Barat
SMK YMIK Jakarta,Jakarta Barat
SMK 10 Nopember,Jakarta Selatan
SMK 17 Agustus 1945 2 Jakarta,Jakarta Selatan
SMK 28 Oktober 1928 1,Jakarta Selatan
SMK 28 Oktober 1928 2,Jakarta Selatan
SMK 3 Perguruan Cikini,Jakarta Selatan
SMK Al Fajar Jakarta,Jakarta Selatan
SMK Al Falah,Jakarta Selatan
SMK Al Hidayah 1 Jakarta,Jakarta Selatan
SMK Al Hidayah 2 Jakarta,Jakarta Selatan
SMK Al Hidayah Lestari,Jakarta Selatan
SMK Al Kautsar,Jakarta Selatan
SMK Al Makmur Jakarta,Jakarta Selatan
SMK Amaliyah,Jakarta Selatan
SMK An Nuriyah,Jakarta Selatan
SMK As Sa`adah,Jakarta Selatan
SMK As Syafi`iyah Jakarta,Jakarta Selatan
SMK Asisi,Jakarta Selatan
SMK Averus,Jakarta Selatan
SMK Bakti 17,Jakarta Selatan
SMK Bakti Idhata,Jakarta Selatan
SMK Bina Putra Jakarta,Jakarta Selatan
SMK Budi Asih,Jakarta Selatan
SMK Bunda Kandung Jakarta,Jakarta Selatan
SMK Cyber Media,Jakarta Selatan
SMK Daarul Uluum,Jakarta Selatan
SMK Daarussalaam Jakarta,Jakarta Selatan
SMK Dharma Karya,Jakarta Selatan
SMK Fatahillah,Jakarta Selatan
SMK Gapura Merah Putih,Jakarta Selatan
SMK Gita Kirtti 1 Jakarta,Jakarta Selatan
SMK Grafika Desa Putera Jakarta,Jakarta Selatan
SMK Grafika Yayasan Lektur,Jakarta Selatan
SMK Harnasto Institut Jakarta,Jakarta Selatan
SMK Hidatha Jakarta,Jakarta Selatan
SMK Islam Al Hikmah,Jakarta Selatan
SMK Islam Andalus,Jakarta Selatan
SMK Islam Wijaya Kusuma,Jakarta Selatan
SMK Islam YPS,Jakarta Selatan
SMK IT Aisyiyah,Jakarta Selatan
SMK Jagakarsa,Jakarta Selatan
SMK Jakarta Manajemen,Jakarta Selatan
SMK Jakarta Wisata 1,Jakarta Selatan
SMK Kahuripan 1 Jakarta,Jakarta Selatan
SMK Kartika X 2,Jakarta Selatan
SMK Karya Guna Jakarta,Jakarta Selatan
SMK Karya Teladan,Jakarta Selatan
SMK Keluarga Widuri,Jakarta Selatan
SMK Kemala Bhayangkari Delog,Jakarta Selatan
SMK Kesehatan Mulia Karya Husada,Jakarta Selatan
SMK Kesehatan Sekawan,Jakarta Selatan
SMK Kharismawita 1 Jakarta,Jakarta Selatan
SMK Kharismawita 2 Jakarta,Jakarta Selatan
SMK Krisanti,Jakarta Selatan
SMK LP3 Istana,Jakarta Selatan
SMK Makarya 1 Jakarta,Jakarta Selatan
SMK Makarya 2 Jakarta,Jakarta Selatan
SMK Media Informatika,Jakarta Selatan
SMK Miftahul Falah Jakarta,Jakarta Selatan
SMK Mitra Pembangunan,Jakarta Selatan
SMK Muhammadiyah 7 Jakarta,Jakarta Selatan
SMK Muhammadiyah 9 Jakarta,Jakarta Selatan
SMK Muhammadiyah 15 Jakarta,Jakarta Selatan
SMK Musik Perguruan Cikini,Jakarta Selatan
SMK Pandawa Budi Luhur Jakarta,Jakarta Selatan
SMK Pasar Minggu Jakarta,Jakarta Selatan
SMK Patria Wisata Jakarta,Jakarta Selatan
SMK Pembangunan Jaya Yakapi,Jakarta Selatan
SMK Perguruan Rakyat,Jakarta Selatan
SMK Perwira Jakarta,Jakarta Selatan
SMK PGRI 15 Jakarta,Jakarta Selatan
SMK PGRI 23 Jakarta,Jakarta Selatan
SMK PGRI 37 Jakarta,Jakarta Selatan
SMK Plus Al Musyarrofah,Jakarta Selatan
SMK Pondok Indah,Jakarta Selatan
SMK Purnama 1 Jakarta,Jakarta Selatan
SMK Purnama 2 Jakarta,Jakarta Selatan
SMK Purnama 3 Jakarta,Jakarta Selatan
SMK Puspita Persada,Jakarta Selatan
SMK Putra Satria,Jakarta Selatan
SMK RPI Jakarta,Jakarta Selatan
SMK Selagan Jaya,Jakarta Selatan
SMK Sumbangsih,Jakarta Selatan
SMK Tanjung Barat,Jakarta Selatan
SMK Tarakanita Jakarta,Jakarta Selatan
SMK Teladan,Jakarta Selatan
SMK Teladan Utama,Jakarta Selatan
SMK Tri Mulia Jakarta,Jakarta Selatan
SMK Triguna 1956,Jakarta Selatan
SMK Trikarya,Jakarta Selatan
SMK Tunas Grafika Informatika,Jakarta Selatan
SMK Tunas Pembangunan,Jakarta Selatan
SMK Walisongo Jakarta,Jakarta Selatan
SMK Wisata Indonesia,Jakarta Selatan
SMK Yanusa Jakarta,Jakarta Selatan
SMK Yapenap Jakarta,Jakarta Selatan
SMK Yapimda,Jakarta Selatan
SMK Yapri Jakarta,Jakarta Selatan
SMK Yasda,Jakarta Selatan
SMK Yaspen,Jakarta Selatan
SMK Yaspia,Jakarta Selatan
SMK YP Mulia,Jakarta Selatan
SMK YPK Kesatuan Jakarta,Jakarta Selatan
SMK YPUI Jakarta,Jakarta Selatan
SMK Adi Luhur Jakarta,Jakarta Timur
SMK Al Akhyar 1 Jakarta,Jakarta Timur
SMK Al Akhyar 2 Jakarta,Jakarta Timur
SMK Al Fathiyah Jakarta,Jakarta Timur
SMK Al Hadiriyah,Jakarta Timur
SMK Al Wahyu Jakarta,Jakarta Timur
SMK Al Washliyah Jakarta,Jakarta Timur
SMK Al Wathoniyah Jakarta,Jakarta Timur
SMK Analis Kesehatan Ditkesad,Jakarta Timur
SMK Analis Kesehatan Tunas Medika,Jakarta Timur
SMK Angkasa 1 Jakarta,Jakarta Timur
SMK Ankes Tunas Harapan,Jakarta Timur
SMK Ar Raisiyah Husada,Jakarta Timur
SMK As Saadah,Jakarta Timur
SMK As Syafiiyah 2,Jakarta Timur
SMK Atlantica Wisata Jakarta,Jakarta Timur
SMK Bhakti 1 Jakarta,Jakarta Timur
SMK Bhakti Pertiwi Jakarta,Jakarta Timur
SMK Bhumi Husada,Jakarta Timur
SMK Bina Citra Asia,Jakarta Timur
SMK Bina Dharma,Jakarta Timur
SMK Bina Karya Utama Jakarta,Jakarta Timur
SMK Bina Manajemen Jakarta,Jakarta Timur
SMK Bina Medika Jakarta,Jakarta Timur
SMK Bina Nusa Mandiri,Jakarta Timur
SMK Bina Pangudi Luhur Jakarta,Jakarta Timur
SMK Bina Pembangunan 1,Jakarta Timur
SMK Bina Prestasi,Jakarta Timur
SMK Bisnis Indonesia Jakarta,Jakarta Timur
SMK BPS&K 1 Jakarta,Jakarta Timur
SMK BPS&K 2 Jakarta,Jakarta Timur
SMK Budaya Jakarta,Jakarta Timur
SMK Budhi Warman 1 Jakarta,Jakarta Timur
SMK Budhi Warman 2 Jakarta,Jakarta Timur
SMK Budi Mulia Utama,Jakarta Timur
SMK Budi Murni 1 Jakarta,Jakarta Timur
SMK Budi Murni 3 Jakarta,Jakarta Timur
SMK Budi Murni 4 Jakarta,Jakarta Timur
SMK Budi Murni 5 Jakarta,Jakarta Timur
SMK Cahaya Sakti Jakarta,Jakarta Timur
SMK Caraka Nusantara,Jakarta Timur
SMK Cipta Karya Jakarta,Jakarta Timur
SMK Citra Dharma Jakarta,Jakarta Timur
SMK Citra Mandiri Jakarta,Jakarta Timur
SMK Corpatarin 1 Jakarta,Jakarta Timur
SMK Corpatarin 2 Jakarta,Jakarta Timur
SMK Dewi Sartika,Jakarta Timur
SMK Dharma Paramitha,Jakarta Timur
SMK Dharma Surya,Jakarta Timur
SMK Dinamika Pembangunan 1 Jakarta,Jakarta Timur
SMK Dinamika Pembangunan 2 Jakarta,Jakarta Timur
SMK Diponegoro 1 Jakarta,Jakarta Timur
SMK Era Pembangunan Umat Jakarta,Jakarta Timur
SMK Farmasi Ikifa,Jakarta Timur
SMK Fensensius Jakarta,Jakarta Timur
SMK Fransiskus 1 Jakarta,Jakarta Timur
SMK Garuda Jakarta,Jakarta Timur
SMK Gita Wisata,Jakarta Timur
SMK Global Cendekia,Jakarta Timur
SMK Gutama Jakarta,Jakarta Timur
SMK Harapan 1 Jakarta,Jakarta Timur
SMK Hatawana,Jakarta Timur
SMK IMTAQ Darurrahim Jakarta,Jakarta Timur
SMK Insan Mulia Informatika,Jakarta Timur
SMK Insan Teknologi Jakarta,Jakarta Timur
SMK IPTEK Jakarta,Jakarta Timur
SMK Islam Al Makiyah,Jakarta Timur
SMK Islam Malahayati,Jakarta Timur
SMK Islam PB Soedirman 1 Jakarta,Jakarta Timur
SMK Islam PB Soedirman 2 Jakarta,Jakarta Timur
SMK IT Assalaamah,Jakarta Timur
SMK Jakarta 1,Jakarta Timur
SMK Jakarta Raya 1,Jakarta Timur
SMK Jakarta Raya 2,Jakarta Timur
SMK Jakarta Timur 1,Jakarta Timur
SMK Jakarta Timur 2,Jakarta Timur
SMK Jayawisata 2 Jakarta,Jakarta Timur
SMK Kalpataru Cakung Jakarta,Jakarta Timur
SMK Karya Dharma 2 Jakarta,Jakarta Timur
SMK Karya Ekopin,Jakarta Timur
SMK Karya Wijaya Kusuma Jakarta,Jakarta Timur
SMK Kawula Indonesia,Jakarta Timur
SMK Kawula Jakarta,Jakarta Timur
SMK Kemala Bhayangkari 1 Jakarta,Jakarta Timur
SMK Kesdam Jaya,Jakarta Timur
SMK L`pina Jakarta,Jakarta Timur
SMK Laboratorium Jakarta,Jakarta Timur
SMK Mahadhika 1 Jakarta,Jakarta Timur
SMK Mahadhika 2 Jakarta,Jakarta Timur
SMK Mahadhika 3 Jakarta,Jakarta Timur
SMK Mahadhika 4 Jakarta,Jakarta Timur
SMK Malaka Jakarta,Jakarta Timur
SMK Mandala Tiara Bangsa,Jakarta Timur
SMK Mardhika,Jakarta Timur
SMK Mardi Bakti Jakarta,Jakarta Timur
SMK Medical High School,Jakarta Timur
SMK Mercusuar,Jakarta Timur
SMK Mitra Kencana Jakarta,Jakarta Timur
SMK Muara Indonesia Jakarta,Jakarta Timur
SMK Muhammadiyah 6 Jakarta,Jakarta Timur
SMK Multimedia Nusantara,Jakarta Timur
SMK Nasional Alfan,Jakarta Timur
SMK Nurul Huda,Jakarta Timur
SMK Nurul Iman Jakarta,Jakarta Timur
SMK Nurul Islam Jakarta,Jakarta Timur
SMK Nusantara Wisata Respati,Jakarta Timur
SMK Otomindo,Jakarta Timur
SMK Pancasila Jakarta,Jakarta Timur
SMK Pandawa,Jakarta Timur
SMK Pangudi Rahayu I Jakarta,Jakarta Timur
SMK Pangudi Rahayu II Jakarta,Jakarta Timur
SMK Paramitha 2 Jakarta,Jakarta Timur
SMK Paramitha Jakarta,Jakarta Timur
SMK Paskita Global,Jakarta Timur
SMK Pelayaran Bimasakti Jakarta,Jakarta Timur
SMK Pelayaran Dewaruci,Jakarta Timur
SMK Pelayaran Pembangunan Jakarta,Jakarta Timur
SMK Pelita Tiga No 1 Jakarta,Jakarta Timur
SMK Pembangunan,Jakarta Timur
SMK Perbankan Nasional Jakarta,Jakarta Timur
SMK Perdana Kusuma,Jakarta Timur
SMK Perguruan Rakyat 2,Jakarta Timur
SMK Pertiwi Jakarta,Jakarta Timur
SMK Petri Jaya,Jakarta Timur
SMK PGRI 1 Jakarta,Jakarta Timur
SMK PGRI 16 Jakarta,Jakarta Timur
SMK PGRI 20 Jakarta,Jakarta Timur
SMK PGRI 28 Jakarta,Jakarta Timur
SMK PGRI 39 Jakarta,Jakarta Timur
SMK PGRI 8 Jakarta,Jakarta Timur
SMK PKP 1 Jakarta,Jakarta Timur
SMK Prestasi Agung,Jakarta Timur
SMK Prestasi Prima,Jakarta Timur
SMK Pusaka 1 Jakarta,Jakarta Timur
SMK Rahayu Mulyo,Jakarta Timur
SMK Respati 1,Jakarta Timur
SMK Respati 2 Jakarta,Jakarta Timur
SMK Ristek Jaya Jakarta,Jakarta Timur
SMK Ristek Kikin Jakarta,Jakarta Timur
SMK Sahid Jakarta,Jakarta Timur
SMK Santa Lucia,Jakarta Timur
SMK Satya Bhakti 1 Jakarta,Jakarta Timur
SMK Satya Bhakti 2 Jakarta,Jakarta Timur
SMK Sriwijaya Jakarta,Jakarta Timur
SMK St Bonaventura Jakarta,Jakarta Timur
SMK Swadaya Global School,Jakarta Timur
SMK T Kapin Jakarta,Jakarta Timur
SMK Teknik 10 Nopember,Jakarta Timur
SMK Teratai Putih Jakarta,Jakarta Timur
SMK Tirta Sari Surya,Jakarta Timur
SMK Trampil Jakarta,Jakarta Timur
SMK Tri Sastra 1 Jakarta,Jakarta Timur
SMK Tri Sastra 2 Jakarta,Jakarta Timur
SMK Tunas Markatin,Jakarta Timur
SMK Uswatun Hasanah,Jakarta Timur
SMK Wawasan Nusantara Jakarta,Jakarta Timur
SMK Widya Manggala Jakarta,Jakarta Timur
SMK Yamas Jakarta,Jakarta Timur
SMK Yaspia 17,Jakarta Timur
SMK YP Darul Mukminin,Jakarta Timur
SMK YP IPPI Jakarta,Jakarta Timur
SMK YPIA Al Falah Jakarta,Jakarta Timur
MAK Unggulan Informatika,Jakarta Selatan